{"name":"fc27701a-42b5-4204-bd6e-fb182f77a821","id":"/providers/Microsoft.Flow/flows/fc27701a-42b5-4204-bd6e-fb182f77a821","type":"Microsoft.Flow/flows","properties":{"apiId":"/providers/Microsoft.PowerApps/apis/shared_logicflows","displayName":"Copy of - OOO on a recurring basis (regular shift)​​​","definition":{"metadata":{"workflowEntityId":null,"processAdvisorMetadata":null,"flowclientsuspensionreason":"None","flowclientsuspensiontime":null,"creator":{"id":"ff9b2859-6c22-4c6c-a9ed-a857df60041d","type":"User","tenantId":"4b0911a0-929b-4715-944b-c03745165b3a"},"provisioningMethod":"FromDefinition","failureAlertSubscription":true,"clientLastModifiedTime":"2022-04-24T13:01:57.3633432Z"},"$schema":"https://schema.management.azure.com/providers/Microsoft.Logic/schemas/2016-06-01/workflowdefinition.json#","contentVersion":"1.0.0.0","parameters":{"$connections":{"defaultValue":{},"type":"Object"},"$authentication":{"defaultValue":{},"type":"SecureObject"}},"triggers":{"Recurrence":{"recurrence":{"frequency":"Week","interval":1,"timeZone":"W. Europe Standard Time","schedule":{"weekDays":["Monday","Tuesday","Wednesday","Thursday","Friday","Saturday"],"hours":["9","1","17"],"minutes":[0,30]}},"metadata":{"operationMetadataId":"73dd1dd9-289f-4c9e-9a6d-963ebd69018d"},"type":"Recurrence"}},"actions":{"Initialize_variable":{"runAfter":{"Set_Time_Zone":["Succeeded"]},"metadata":{"operationMetadataId":"aab568e8-9425-4b02-85c2-bd916a5e6934"},"type":"InitializeVariable","inputs":{"variables":[{"name":"DaysOfWeek","type":"array","value":["Sunday","Monday","Tuesday","Wednesday","Thursday","Friday","Saturday"]}]}},"Get_current_date_and_time":{"runAfter":{"Initialize_variable":["Succeeded"]},"metadata":{"operationMetadataId":"e9398a37-7050-445a-9d5d-46ba6583d8d6"},"type":"Compose","inputs":"@body('Convert_time_zone')"},"Get_the_day_of_the_week":{"runAfter":{"Get_current_date_and_time":["Succeeded"]},"metadata":{"operationMetadataId":"2f1ad5ad-5403-4a35-b815-1bc0d590dba7"},"type":"Compose","inputs":"@dayOfWeek(outputs('Get_current_date_and_time'))"},"Get_the_day_of_a_week_name":{"runAfter":{"Get_the_day_of_the_week":["Succeeded"]},"metadata":{"operationMetadataId":"e7b8aced-9ea9-45e1-abb5-ee1675d2a5d6"},"type":"Compose","inputs":"@variables('DaysOfWeek')[sub(outputs('Get_the_day_of_the_week'), 0)]"},"Condition_":{"actions":{"Condition_Week_days":{"actions":{"Set_up_automatic_replies_week_days":{"runAfter":{},"metadata":{"operationMetadataId":"e5cf2072-2006-486c-9bf7-094723d918a6","flowSystemMetadata":{"swaggerOperationId":"SetAutomaticRepliesSetting_V2"}},"type":"ApiConnection","inputs":{"host":{"connection":{"name":"@parameters('$connections')['shared_office365']['connectionId']"},"api":{"runtimeUrl":"https://flow-apim-msmanaged-na-eastus2-01.azure-apim.net/apim/office365"}},"method":"patch","body":{"automaticRepliesSetting":{"status":"scheduled","externalAudience":"all","scheduledStartDateTime":{"dateTime":"@{utcNow()}","timeZone":"@{utcNow('destinationTimeZone')}"},"scheduledEndDateTime":{"dateTime":"@{addMinutes(utcNow(), 930)}","timeZone":"@{utcNow('destinationTimeZone')}"},"internalReplyMessage":"<p>Thank you for your message. I am currently out of the office. My working hours are Monday – Friday @{variables('startShift')} – @{variables('endShift')} @{variables('timeZone')}.</p>\n \n<p>YOUR_MESSAGE_HERE</p>\n \n<p>Thank you,<br>\n <br>@{body('Get_my_profile_(V2)')?['givenName']} @{body('Get_my_profile_(V2)')?['surname']}<br>\n @{body('Get_my_profile_(V2)')?['jobTitle']}<br>\n@{body('Get_my_profile_(V2)')?['companyName']} <br>\n<br>\n</p>","externalReplyMessage":"<p>Thank you for your message. I am currently out of the office. My working hours are Monday – Friday @{variables('startShift')} – @{variables('endShift')} @{variables('timeZone')}.</p>\n \n<p>YOUR_MESSAGE_HERE</p>\n \n<p>Thank you,<br>\n <br>@{body('Get_my_profile_(V2)')?['givenName']} @{body('Get_my_profile_(V2)')?['surname']}<br>\n @{body('Get_my_profile_(V2)')?['jobTitle']}<br>\n@{body('Get_my_profile_(V2)')?['companyName']} <br>\n<br>\n</p>"}},"path":"/codeless/v1.0/me/mailboxSettings","authentication":"@parameters('$authentication')"}},"Condition_message_in_teams_week_days":{"actions":{"Post_message_in_a_chat_week_I":{"runAfter":{},"metadata":{"operationMetadataId":"eceac6a8-048a-4c2b-b14f-55f411df52cd","flowSystemMetadata":{"swaggerOperationId":"PostMessageToConversation"}},"type":"ApiConnection","inputs":{"host":{"connection":{"name":"@parameters('$connections')['shared_teams']['connectionId']"},"api":{"runtimeUrl":"https://flow-apim-msmanaged-na-eastus2-01.azure-apim.net/apim/teams"}},"method":"post","body":{"recipient":"@{body('Get_my_profile_(V2)')?['mail']};","messageBody":"<p>Good evening! Auto OOO successfully enabled at @{body('Convert_time_zone')}. To configure/unconfigure the functionality: https://us.flow.microsoft.com/en-us/</p>"},"path":"/beta/teams/conversation/message/poster/Flow bot/location/@{encodeURIComponent('Chat with Flow bot')}","authentication":"@parameters('$authentication')"}}},"runAfter":{"Set_up_automatic_replies_week_days":["Succeeded"]},"else":{"actions":{"Terminate":{"runAfter":{},"metadata":{"operationMetadataId":"3275fc3d-0534-49a4-b3e0-56a8d10e844c"},"type":"Terminate","inputs":{"runStatus":"Cancelled"}}}},"expression":{"contains":["@body('Convert_time_zone')","@variables('endShift')"]},"metadata":{"operationMetadataId":"cd49f328-db9d-4708-a760-d1cfe829f215"},"type":"If"}},"runAfter":{},"else":{"actions":{"Message_disabling_week_days":{"actions":{"Post_message_in_a_chat_week_II":{"runAfter":{},"metadata":{"operationMetadataId":"26cb0c8d-f665-47e0-892f-1ad08168f13b","flowSystemMetadata":{"swaggerOperationId":"PostMessageToConversation"}},"type":"ApiConnection","inputs":{"host":{"connection":{"name":"@parameters('$connections')['shared_teams']['connectionId']"},"api":{"runtimeUrl":"https://flow-apim-msmanaged-na-eastus2-01.azure-apim.net/apim/teams"}},"method":"post","body":{"recipient":"@{body('Get_my_profile_(V2)')?['mail']};","messageBody":"<p>Good morning! Auto OOO successfully disabled at @{body('Convert_time_zone')}. To configure/unconfigure the functionality: https://us.flow.microsoft.com/en-us/</p>"},"path":"/beta/teams/conversation/message/poster/Flow bot/location/@{encodeURIComponent('Chat with Flow bot')}","authentication":"@parameters('$authentication')"}}},"runAfter":{},"else":{"actions":{"Terminate_2":{"runAfter":{},"metadata":{"operationMetadataId":"c27ec592-1b03-44ad-ad0b-7055aa25d71d"},"type":"Terminate","inputs":{"runStatus":"Cancelled"}}}},"expression":{"contains":["@body('Convert_time_zone')","@variables('startShift')"]},"metadata":{"operationMetadataId":"ae14f726-9baa-41e7-b3d2-736e3c2f0783"},"type":"If"}}},"expression":{"contains":["@body('Convert_time_zone')","@variables('endShift')"]},"metadata":{"operationMetadataId":"ce548956-d60b-4c80-bc0d-3761b834793f"},"type":"If"}},"runAfter":{"Get_my_profile_(V2)":["Succeeded"]},"else":{"actions":{"Condition_Weekend":{"actions":{"Set_up_automatic_replies_weekend":{"runAfter":{},"metadata":{"operationMetadataId":"4ab9ccfa-a86b-4a74-bcec-d02644492ccf","flowSystemMetadata":{"swaggerOperationId":"SetAutomaticRepliesSetting_V2"}},"type":"ApiConnection","inputs":{"host":{"connection":{"name":"@parameters('$connections')['shared_office365']['connectionId']"},"api":{"runtimeUrl":"https://flow-apim-msmanaged-na-eastus2-01.azure-apim.net/apim/office365"}},"method":"patch","body":{"automaticRepliesSetting":{"status":"Scheduled","externalAudience":"all","scheduledStartDateTime":{"dateTime":"@{utcNow()}","timeZone":"@{utcNow('destinationTimeZone')}"},"scheduledEndDateTime":{"dateTime":"@{addMinutes(utcNow(), 3360)}","timeZone":"@{utcNow('destinationTimeZone')}"},"internalReplyMessage":"<p>Thank you for your message. I am currently out of the office. My working hours are Monday – Friday @{variables('startShift')} – @{variables('endShift')} @{variables('timeZone')}.</p>\n \n<p>YOUR_MESSAGE_HERE</p>\n \n<p>Thank you,<br>\n <br>@{body('Get_my_profile_(V2)')?['givenName']} @{body('Get_my_profile_(V2)')?['surname']}<br>\n @{body('Get_my_profile_(V2)')?['jobTitle']}<br>\n@{body('Get_my_profile_(V2)')?['companyName']} <br>\n<br>\n</p>","externalReplyMessage":"<p>Thank you for your message. I am currently out of the office. My working hours are Monday – Friday @{variables('startShift')} – @{variables('endShift')} @{variables('timeZone')}.</p>\n \n<p>YOUR_MESSAGE_HERE</p>\n \n<p>Thank you,<br>\n <br>@{body('Get_my_profile_(V2)')?['givenName']} @{body('Get_my_profile_(V2)')?['surname']}<br>\n @{body('Get_my_profile_(V2)')?['jobTitle']}<br>\n@{body('Get_my_profile_(V2)')?['companyName']} <br>\n<br>\n</p>"}},"path":"/codeless/v1.0/me/mailboxSettings","authentication":"@parameters('$authentication')"}},"Message_to_teams_weekend_condition":{"actions":{"Post_message_in_a_chat_weekend_I":{"runAfter":{},"metadata":{"operationMetadataId":"eceac6a8-048a-4c2b-b14f-55f411df52cd","flowSystemMetadata":{"swaggerOperationId":"PostMessageToConversation"}},"type":"ApiConnection","inputs":{"host":{"connection":{"name":"@parameters('$connections')['shared_teams']['connectionId']"},"api":{"runtimeUrl":"https://flow-apim-msmanaged-na-eastus2-01.azure-apim.net/apim/teams"}},"method":"post","body":{"recipient":"@{body('Get_my_profile_(V2)')?['mail']};","messageBody":"<p>Hey there! Auto OOO successfully enabled for the weekend at @{body('Convert_time_zone')}. To configure/unconfigure the functionality: https://us.flow.microsoft.com/en-us/</p>"},"path":"/beta/teams/conversation/message/poster/Flow bot/location/@{encodeURIComponent('Chat with Flow bot')}","authentication":"@parameters('$authentication')"}}},"runAfter":{"Set_up_automatic_replies_weekend":["Succeeded"]},"else":{"actions":{"Terminate_3":{"runAfter":{},"metadata":{"operationMetadataId":"84cdca15-d545-46ac-8074-1c87073c7f8d"},"type":"Terminate","inputs":{"runStatus":"Cancelled"}}}},"expression":{"contains":["@body('Convert_time_zone')","01:00"]},"metadata":{"operationMetadataId":"cd49f328-db9d-4708-a760-d1cfe829f215"},"type":"If"}},"runAfter":{},"else":{"actions":{"Terminate_4":{"runAfter":{},"metadata":{"operationMetadataId":"d05109c6-f19f-43bd-8cfd-63f1ce226d98"},"type":"Terminate","inputs":{"runStatus":"Cancelled"}}}},"expression":{"contains":["@body('Convert_time_zone')","01:00"]},"metadata":{"operationMetadataId":"28090f6e-3964-4911-b3e6-e27c84186aa8"},"type":"If"}}},"expression":{"or":[{"equals":["@variables('DaysOfWeek')[sub(outputs('Get_the_day_of_the_week'), 0)]","Monday"]},{"equals":["@variables('DaysOfWeek')[sub(outputs('Get_the_day_of_the_week'), 0)]","Tuesday"]},{"equals":["@variables('DaysOfWeek')[sub(outputs('Get_the_day_of_the_week'), 0)]","Wednesday"]},{"equals":["@variables('DaysOfWeek')[sub(outputs('Get_the_day_of_the_week'), 0)]","Thursday"]},{"equals":["@variables('DaysOfWeek')[sub(outputs('Get_the_day_of_the_week'), 0)]","Friday"]}]},"metadata":{"operationMetadataId":"afb96978-ec1f-4980-b2f1-24ebcd1ea7d0"},"type":"If"},"Current_time":{"runAfter":{},"metadata":{"operationMetadataId":"ba1d04a1-b637-4a74-8654-d242e1af9686"},"type":"Expression","kind":"CurrentTime","inputs":{}},"Convert_time_zone":{"runAfter":{"Current_time":["Succeeded"]},"metadata":{"operationMetadataId":"4f820aaa-efed-48af-b80b-a3da4f5dab17"},"type":"Expression","kind":"ConvertTimeZone","inputs":{"baseTime":"@body('Current_time')","formatString":"u","sourceTimeZone":"UTC","destinationTimeZone":"W. Europe Standard Time"}},"Get_my_profile_(V2)":{"runAfter":{"Get_the_day_of_a_week_name":["Succeeded"]},"metadata":{"operationMetadataId":"4d46a92f-b92d-4082-8962-f32a57bbd6e6","flowSystemMetadata":{"swaggerOperationId":"MyProfile_V2"}},"type":"ApiConnection","inputs":{"host":{"connection":{"name":"@parameters('$connections')['shared_office365users']['connectionId']"},"api":{"runtimeUrl":"https://flow-apim-msmanaged-na-eastus2-01.azure-apim.net/apim/office365users"}},"method":"get","path":"/codeless/v1.0/me","authentication":"@parameters('$authentication')"}},"Set_Time_Zone":{"runAfter":{"Set_start_shift_hours":["Succeeded"]},"metadata":{"operationMetadataId":"f2984cba-0334-4e97-8b94-f06f0a16632b"},"type":"InitializeVariable","inputs":{"variables":[{"name":"timeZone","type":"string","value":"CEST"}]}},"Set_end_shift_hours":{"runAfter":{"Convert_time_zone":["Succeeded"]},"metadata":{"operationMetadataId":"c8371bdb-67db-498e-b637-1f6dd0197ea0"},"type":"InitializeVariable","inputs":{"variables":[{"name":"endShift","type":"string","value":"17:30"}]}},"Set_start_shift_hours":{"runAfter":{"Set_end_shift_hours":["Succeeded"]},"metadata":{"operationMetadataId":"26f8c482-21d9-4f70-bde9-6e4210fa57fe"},"type":"InitializeVariable","inputs":{"variables":[{"name":"startShift","type":"string","value":"09:00"}]}}},"outputs":{},"description":"On a recurring basis, setup automatic replies in Office 365 Outlook.\n\nThis Flow is adjusted for the Week days and Weekends too.\n\nMake sure to set your time zone in the \"Recurrance\" and \"Converted Time Zone > Destination Time Zone\" boxes.\n\nOn top of that, you can change your Starting/Ending shift hours in \"Set end shift hours\", \"Set start shift hours\" and \"Set time zone\" for the signature template. Please notice that both End & Start shift hours must be military formatted (00:00 to 23:59)"},"connectionReferences":{"shared_office365":{"connectionName":"shared-office365-5692c89a-2d9c-4583-a704-1e064ed71a54","source":"Embedded","id":"/providers/Microsoft.PowerApps/apis/shared_office365","tier":"NotSpecified"},"shared_teams":{"connectionName":"shared-teams-79744e20-148f-4da4-92d2-7a12c242e8a1","source":"Embedded","id":"/providers/Microsoft.PowerApps/apis/shared_teams","tier":"NotSpecified"},"shared_office365users":{"connectionName":"shared-office365user-7f124c84-f82f-429c-a2e4-e8d2284b8996","source":"Embedded","id":"/providers/Microsoft.PowerApps/apis/shared_office365users","tier":"NotSpecified"}},"flowFailureAlertSubscribed":false,"isManaged":false}}